{
  "HORIZONS": [
    5, 10, 15, 20, 25, 30, 35, 40, 45, 50, 55, 60, 65, 70, 75, 80, 85, 90, 95, 100, 105, 110, 115, 120, 125, 130, 135, 140, 145, 150, 155, 160, 165, 170, 175, 180
  ],
  "DT": 5,
  "CARB_IMPACT_PER_GRAM": 3.6,
  "GI_PARAMETERS": {
    "gi_min": 20.0,
    "gi_max": 100.0,
    "t_peak_low_gi": 90.0,
    "t_peak_high_gi": 35.0,
    "width_min": 40.0,
    "amplitude_min": 0.8,
    "amplitude_max": 1.4
  },
  "INSULIN_PARAMETERS": {
    "t_peak_min": 60.0,
    "width_min": 70.0,
    "delay_min": 10.0,
    "total_min": 240
  },
  "ICR_ISF_RULES": {
    "isf_multiplier": 3.6
  },
  "CLIPPING": {
    "MIN_BG": 40,
    "MAX_BG": 500
  },
  "carb_kernel": [
    0.0, 0.0028801922259456265, 0.010255380836752473, 0.022492396832548847, 0.039491377088467255, 0.060915031453328314, 0.08630273080155024, 0.11513637278079943, 0.14688089310081068, 0.18100976272782318, 0.21702095772953564, 0.25444662746128016, 0.29285849366586414, 0.3318703244488517, 0.3711384022872396, 0.4103606296143301, 0.44927472967311777, 0.487655871246131, 0.5253139541598829, 0.562090726179622, 0.5978568533947689, 0.632509030367192, 0.665967189706277, 0.6981718509221408, 0.7290816336604914, 0.7586709494821804, 0.786927878290428, 0.8138522296371173, 0.8394537849347538, 0.8637507136659625, 0.8867681547141053, 0.9085369527030929, 0.9290925385513054, 0.9484739431739979, 0.9667229333023601, 0.9838832586415931, 1.0
  ],
  "insulin_kernel": [
    0.0, 0.0, 0.0, 0.00629942958239577, 0.018619803631470516, 0.0361793766269117, 0.058164870886497515, 0.08380539630111444, 0.11239551533024401, 0.1433018216402239, 0.17596270440166517, 0.20988501028139092, 0.24463928886413486, 0.27985446818062415, 0.31521241136641154, 0.3504426011747467, 0.3853170865138703, 0.41964576027652556, 0.45327199915743405, 0.4860686728559368, 0.5179345159642486, 0.5487908474519928, 0.5785786178831877, 0.6072557620495425, 0.6347948337527902, 0.661180899486077, 0.6864096683985295, 0.7104858369429384, 0.7334216278454921, 0.7552355043913906, 0.7759510424183995, 0.7955959438032899, 0.8142011765815359, 0.8318002281380049, 0.8484284591331923, 0.8641225469789697, 0.8789200087469616, 0.8928587943813611, 0.9059769419979733, 0.9183122878854584, 0.9299022245868707, 0.9407835011338487, 0.9509920601366239, 0.9605629070048706, 0.9695300070917643, 0.9779262070207541, 0.9857831768756333, 0.9931313703134163, 1.0
  ]
}