{
  "HORIZONS": [
    0,
    5,
    10,
    15,
    20,
    25,
    30,
    35,
    40,
    45,
    50,
    55,
    60,
    65,
    70,
    75,
    80,
    85,
    90,
    95,
    100,
    105,
    110,
    115,
    120,
    125,
    130,
    135,
    140,
    145,
    150,
    155,
    160,
    165,
    170,
    175,
    180,
    185,
    190,
    195,
    200,
    205,
    210,
    215,
    220,
    225,
    230,
    235,
    240,
    245,
    250,
    255,
    260,
    265,
    270,
    275,
    280,
    285,
    290,
    295,
    300
  ],
  "DT": 5,
  "CARB_IMPACT_PER_GRAM": 3.6,
  "GI_PARAMETERS": {
    "gi_min": 20.0,
    "gi_max": 100.0,
    "t_peak_low_gi": 80.0,
    "t_peak_high_gi": 35.0,
    "width_low_gi": 70.0,
    "width_high_gi": 40.0,
    "amplitude_min": 0.85,
    "amplitude_max": 1.25
  },
  "INSULIN_PARAMETERS": {
    "onset": 15,
    "peak": 70,
    "duration": 280,
    "alpha": 4.0,
    "beta": 1.5,
    "total_min": 420
  },
  "ICR_ISF_RULES": {
    "isf_multiplier": 3.6
  },
  "CLIPPING": {
    "MIN_BG": 40,
    "MAX_BG": 500
  },
  "carb_kernel": [
    0.0,
    0.002734891110899277,
    0.01180410857485225,
    0.028721060627488495,
    0.05365376434748341,
    0.0859505415019218,
    0.12450649640747646,
    0.16801306461586002,
    0.2151225658427683,
    0.2645517378594096,
    0.3151421364882287,
    0.3658906419002389,
    0.41595978546602125,
    0.46467494846315766,
    0.5115134843792521,
    0.5560893250867046,
    0.5981355272997954,
    0.63748640619701,
    0.674060315940599,
    0.7078437167050203,
    0.7388768723225974,
    0.7672413193962819,
    0.7930491131193271,
    0.8164337684868859,
    0.8375427641121264,
    0.8565314490392825,
    0.8735581830538462,
    0.8887805423588644,
    0.9023524310052722,
    0.9144219511930257,
    0.9251299004323865,
    0.9346087791529711,
    0.9429822077297398,
    0.9503646664630007,
    0.9568614854540071,
    0.9625690233829753,
    0.9675749848658807,
    0.9719588353631776,
    0.9757922806109064,
    0.9791397843452387,
    0.9820591038129354,
    0.9846018273246538,
    0.9868139020357477,
    0.9887361433440042,
    0.9904047198807039,
    0.9918516101353756,
    0.9931050283800634,
    0.9941898188198695,
    0.9951278178571757,
    0.9959381850724187,
    0.9966377040414475,
    0.9972410544678912,
    0.9977610573416539,
    0.9982088949690939,
    0.9985943077792367,
    0.9989257698119657,
    0.9992106447535003,
    0.9994553243136048,
    0.9996653506474161,
    0.9998455244200438,
    0.9999999999999999
  ],
  "insulin_kernel": [
    0.0,
    0.0,
    0.0,
    0.0,
    7.801086563674428e-07,
    1.19936690922227e-05,
    6.299447192510475e-05,
    0.00020780509008344497,
    0.0005254258700058358,
    0.0011171269205998233,
    0.002101949386634422,
    0.003611314068451362,
    0.0057833785890673735,
    0.008757585184276346,
    0.01266968855102966,
    0.017647437774109195,
    0.023807000562923196,
    0.03125015565640589,
    0.040062235233720864,
    0.050310769396711884,
    0.06204476595264565,
    0.07529454816122602,
    0.09007206869355283,
    0.10637161809837142,
    0.12417084925806122,
    0.14343204461150932,
    0.16410355952859312,
    0.1861213825378457,
    0.20941076068453346,
    0.23388784580228647,
    0.2594613246853497,
    0.286034002893644,
    0.3135043181107219,
    0.34176776455161884,
    0.3707182148633574,
    0.4002491302800027,
    0.4302546535089281,
    0.460630581969694,
    0.49127522162386456,
    0.5220901237698476,
    0.5529807088800641,
    0.5838567828771113,
    0.6146329522284508,
    0.6452289449306166,
    0.6755698448961842,
    0.7055862474886431,
    0.7352143440072244,
    0.7643959428374738,
    0.7930784347822009,
    0.821214709796314,
    0.848763031989665,
    0.8756868793531382,
    0.901954754220812,
    0.9275399700186171,
    0.9524204193787689,
    0.9765783282286251,
    1.0,
    1.0,
    1.0,
    1.0,
    1.0,
    1.0,
    1.0,
    1.0,
    1.0,
    1.0,
    1.0,
    1.0,
    1.0,
    1.0,
    1.0,
    1.0,
    1.0,
    1.0,
    1.0,
    1.0,
    1.0,
    1.0,
    1.0,
    1.0,
    1.0,
    1.0,
    1.0,
    1.0,
    1.0
  ]
}