{
  "HORIZONS": [
    0,
    5,
    10,
    15,
    20,
    25,
    30,
    35,
    40,
    45,
    50,
    55,
    60,
    65,
    70,
    75,
    80,
    85,
    90,
    95,
    100,
    105,
    110,
    115,
    120,
    125,
    130,
    135,
    140,
    145,
    150,
    155,
    160,
    165,
    170,
    175,
    180,
    185,
    190,
    195,
    200,
    205,
    210,
    215,
    220,
    225,
    230,
    235,
    240,
    245,
    250,
    255,
    260,
    265,
    270,
    275,
    280,
    285,
    290,
    295,
    300
  ],
  "DT": 5,
  "CARB_IMPACT_PER_GRAM": 3.6,
  "GI_PARAMETERS": {
    "gi_min": 20.0,
    "gi_max": 100.0,
    "t_peak_low_gi": 80.0,
    "t_peak_high_gi": 35.0,
    "width_low_gi": 70.0,
    "width_high_gi": 40.0,
    "amplitude_min": 0.85,
    "amplitude_max": 1.25
  },
  "INSULIN_PARAMETERS": {
    "onset": 15,
    "peak": 70,
    "duration": 330,
    "alpha": 3.0,
    "beta": 1.1,
    "total_min": 420
  },
  "ICR_ISF_RULES": {
    "isf_multiplier": 3.6
  },
  "CLIPPING": {
    "MIN_BG": 40,
    "MAX_BG": 500
  },
  "carb_kernel": [
    0.0,
    0.009703918966057533,
    0.027588224076752314,
    0.05211600113526624,
    0.08175214588356776,
    0.11504526401532693,
    0.15072731034331538,
    0.1877855434108664,
    0.22548002703088993,
    0.2633046708532257,
    0.30091107165669556,
    0.33802536352956974,
    0.3743867058194412,
    0.40972436804944534,
    0.44377414114821423,
    0.4763203063405499,
    0.5072414520847504,
    0.5365389959999142,
    0.5643351671874606,
    0.5908389464708518,
    0.6162897033854404,
    0.6408953426016613,
    0.664782795865842,
    0.6879739523955812,
    0.7103917011321003,
    0.7318916719063638,
    0.7523083779570792,
    0.7715016297235269,
    0.7893906968320729,
    0.8059687328140116,
    0.8212965277179218,
    0.8354805917701075,
    0.8486442347711679,
    0.8609009278994492,
    0.8723370613040288,
    0.8830072824570897,
    0.8929413315458038,
    0.9021579963192684,
    0.9106803274120666,
    0.9185467648325102,
    0.9258148873117907,
    0.9325572695349141,
    0.938851485922572,
    0.9447678986034458,
    0.9503591633648388,
    0.9556544674322439,
    0.9606598111127684,
    0.9653637660228916,
    0.969746658562248,
    0.9737904162929141,
    0.9774864772611838,
    0.9808400314975069,
    0.983870093396063,
    0.9866060933717028,
    0.9890824969714268,
    0.991333234017681,
    0.9933874559656382,
    0.9952674957354573,
    0.996989123795322,
    0.9985635212537465,
    1.0
  ],
  "insulin_kernel": [
    0.0,
    0.0,
    0.0,
    0.0,
    8.578384052820448e-06,
    7.167083624965269e-05,
    0.0002664493295058436,
    0.0006876671620700285,
    0.001438138733587612,
    0.0026232278162338857,
    0.004347426045978305,
    0.006710582128335059,
    0.009802459981720867,
    0.013696434097509095,
    0.018445025120199982,
    0.024080448085445835,
    0.03062189346056853,
    0.03808837186574805,
    0.04651290380550704,
    0.05595212227964293,
    0.0664860030063904,
    0.07820549560186696,
    0.091190290988109,
    0.10548312646274244,
    0.12106918564004043,
    0.13786827011937647,
    0.155743612494399,
    0.17452571567412986,
    0.19404438868944754,
    0.21415912748909596,
    0.23477833480014876,
    0.25586155762352175,
    0.27740470310064114,
    0.2994140552662933,
    0.3218787832162909,
    0.34475211964054997,
    0.3679482952834697,
    0.3913566949016694,
    0.41486849608307247,
    0.4384064149641491,
    0.4619467270577868,
    0.48552498310813935,
    0.5092220644520585,
    0.5331336840384767,
    0.557331995241334,
    0.5818307912375534,
    0.606564947919823,
    0.6313905676728359,
    0.6561060872888088,
    0.6804884029241335,
    0.7043337804387345,
    0.7274922417788502,
    0.7498864800732502,
    0.7715113052417816,
    0.7924155309320274,
    0.8126732248378966,
    0.8323538634104621,
    0.8515004791070588,
    0.8701216725517463,
    0.8881985347975986,
    0.9057026775527868,
    0.922618213335115,
    0.9389596282710982,
    0.9547791959043936,
    0.9701612211804261,
    0.9852047453608834,
    1.0,
    1.0,
    1.0,
    1.0,
    1.0,
    1.0,
    1.0,
    1.0,
    1.0,
    1.0,
    1.0,
    1.0,
    1.0,
    1.0,
    1.0,
    1.0,
    1.0,
    1.0,
    1.0
  ]
}